Index.Name,primer
D701,CAAGCAGAAGACGGCATACGAGATATTACTCGGTCTCGTGGGCTCGGAGATGTGTATAAGAGACAG
D702,CAAGCAGAAGACGGCATACGAGATTCCGGAGAGTCTCGTGGGCTCGGAGATGTGTATAAGAGACAG
D703,CAAGCAGAAGACGGCATACGAGATCGCTCATTGTCTCGTGGGCTCGGAGATGTGTATAAGAGACAG
D704,CAAGCAGAAGACGGCATACGAGATGAGATTCCGTCTCGTGGGCTCGGAGATGTGTATAAGAGACAG
D705,CAAGCAGAAGACGGCATACGAGATATTCAGAAGTCTCGTGGGCTCGGAGATGTGTATAAGAGACAG
D706,CAAGCAGAAGACGGCATACGAGATGAATTCGTGTCTCGTGGGCTCGGAGATGTGTATAAGAGACAG
D707,CAAGCAGAAGACGGCATACGAGATCTGAAGCTGTCTCGTGGGCTCGGAGATGTGTATAAGAGACAG
D708,CAAGCAGAAGACGGCATACGAGATTAATGCGCGTCTCGTGGGCTCGGAGATGTGTATAAGAGACAG
D709,CAAGCAGAAGACGGCATACGAGATCGGCTATGGTCTCGTGGGCTCGGAGATGTGTATAAGAGACAG
D710,CAAGCAGAAGACGGCATACGAGATTCCGCGAAGTCTCGTGGGCTCGGAGATGTGTATAAGAGACAG
D711,CAAGCAGAAGACGGCATACGAGATTCTCGCGCGTCTCGTGGGCTCGGAGATGTGTATAAGAGACAG
D712,CAAGCAGAAGACGGCATACGAGATAGCGATAGGTCTCGTGGGCTCGGAGATGTGTATAAGAGACAG
D501,AATGATACGGCGACCACCGAGATCTACACTATAGCCTTCGTCGGCAGCGTCAGATGTGTATAAGAGACAG
D502,AATGATACGGCGACCACCGAGATCTACACATAGAGGCTCGTCGGCAGCGTCAGATGTGTATAAGAGACAG
D503,AATGATACGGCGACCACCGAGATCTACACCCTATCCTTCGTCGGCAGCGTCAGATGTGTATAAGAGACAG
D504,AATGATACGGCGACCACCGAGATCTACACGGCTCTGATCGTCGGCAGCGTCAGATGTGTATAAGAGACAG
D505,AATGATACGGCGACCACCGAGATCTACACAGGCGAAGTCGTCGGCAGCGTCAGATGTGTATAAGAGACAG
D506,AATGATACGGCGACCACCGAGATCTACACTAATCTTATCGTCGGCAGCGTCAGATGTGTATAAGAGACAG
D507,AATGATACGGCGACCACCGAGATCTACACCAGGACGTTCGTCGGCAGCGTCAGATGTGTATAAGAGACAG
D508,AATGATACGGCGACCACCGAGATCTACACGTACTGACTCGTCGGCAGCGTCAGATGTGTATAAGAGACAG
